<?xml version="1.0"?>
<lom xmlns="http://www.imsglobal.org/xsd/imsmd_rootv1p2p1"
     xmlns:xsi="http://www.w3.org/2001/XMLSchema-instance"
	 xmlns:pkgprop="http://www.scorm.com/xsd/ScormEnginePackageProperties"
     xsi:schemaLocation="http://www.imsglobal.org/xsd/imsmd_rootv1p2p1 imsmd_rootv1p2p1.xsd 
	 http://www.scorm.com/xsd/ScormEnginePackageProperties ScormEnginePackageProperties.xsd">

    <general>
        
        <title>
            <langstring>Captivate E-Learning Course</langstring>
        </title>
        
        <catalogentry>
            <catalog>Catalog</catalog>
            <entry>
                <langstring>Course_ID1</langstring>
            </entry>
        </catalogentry>
        
        <language>en-US</language>

        <description>
					<langstring>In this module, we’ll discuss plug loads and other miscellaneous loads and why they’re an important part of the design problem. Energy efficiency traditionally has focused on elements of design that are regulated by codes. Typically, these include heating, ventilation, lighting, temperature control, and cooling. With all the emphasis on reducing these loads, there is an untapped opportunity to reduce loads that fall under the umbrella of “everything else.” In this module we will define “everything else” and show that designers can have a huge impact on these loads which traditionally were not regulated or thought of as being something the design team can influence.</langstring>
		</description>
        
        
            <keyword><langstring>Training</langstring></keyword>

    </general>
    <lifecycle>
        
        <version>
            <langstring>1.0</langstring>
        </version>
        <status>
            <source>
                <langstring xml:lang="x-none">LOMv1.0</langstring>
            </source>
            <value>
                <langstring xml:lang="x-none">Final</langstring>
            </value>
        </status>
        <contribute>
            <role>
                <source>
                    <langstring xml:lang="x-none">LOMv1.0</langstring>
                </source>
                <value>
                    <langstring xml:lang="x-none">Author</langstring>
                </value>
            </role>
            <centity>
                <vcard>
                    BEGIN:VCARD
                    VERSION:2.1
                    FN: Author
ORG: ASHRAE, AIA, IES, USGBC, DOE, NREL
EMAIL;PREF;INTERNET: Author@ASHRAE, AIA, IES, USGBC, DOE, NREL.com
URL:  www.ASHRAE, AIA, IES, USGBC, DOE, NREL.com

                    END:VCARD
                </vcard>
            </centity>
        </contribute>
        <contribute>
            <role>
                <source>
                    <langstring xml:lang="x-none">LOMv1.0</langstring>
                </source>
                <value>
                    <langstring xml:lang="x-none">Publisher</langstring>
                </value>
            </role>
            <centity>
                <vcard>
                    BEGIN:VCARD
                    VERSION:2.1
                    FN:Adobe Captivate
                    NOTE: version 11.5.1.499             
                    URL: http://www.adobe.com/products/captivate.html
                    END:VCARD
                </vcard>
            </centity>
        </contribute>
        <contribute>
            <role>
                <source>
                    <langstring xml:lang="x-none">LOMv1.0</langstring>
                </source>
                <value>
                    <langstring xml:lang="x-none">Technical Implementer</langstring>
                </value>
            </role>
            <centity>
                <vcard>
                    BEGIN:VCARD 
VERSION:2.1 
FN:SCORM Driver 
ORG:Rustici Software,LLC 
TEL;WORK;VOICE:1.615.376.9867 
ADR;WORK:;;3351 Aspen Grove Dr. Suite 300;Franklin;TN;37067;United States of America  
EMAIL;PREF;INTERNET:info@scorm.com 
URL: http://scorm.com 
END:VCARD
                </vcard>
            </centity>
        </contribute>
    </lifecycle>
    <metametadata>
        <metadatascheme>ADL SCORM 1.2</metadatascheme>
    </metametadata>
    <technical>
        <format>text/html</format>
        <format>application/x-javascript</format>
        <format>application/x-shockwave-flash</format>
        <format>text/css</format>
        <location>indexAPI.html</location>
		
        <pkgprop:ScormEnginePackageProperties xmlns="http://www.scorm.com/ScormEnginePackageProperties">
            <appearance>
                <displayStage>
          
                    <desired>
                        <width>1024</width>
                        <height>627</height>
                        <fullscreen>no</fullscreen>
                    </desired>
                    <required>
                        <width>0</width>
                        <height>0</height>
                        <fullscreen>no</fullscreen>
                    </required>
                </displayStage>
            </appearance>
            <behavior>
                <alwaysFlowToFirstSco>yes</alwaysFlowToFirstSco>
                <scoreOverridesStatus>no</scoreOverridesStatus>
            </behavior>

        </pkgprop:ScormEnginePackageProperties>
    </technical>
    <rights>
        <cost>
            <source>
                <langstring xml:lang="x-none">LOMv1.0</langstring>
            </source>
            <value>
                <langstring xml:lang="x-none">yes</langstring>
            </value>
        </cost>
        <copyrightandotherrestrictions>
            <source>
                <langstring xml:lang="x-none">LOMv1.0</langstring>
            </source>
            <value>
                <langstring xml:lang="x-none">yes</langstring>
            </value>
        </copyrightandotherrestrictions>
    </rights>
    <classification>
        <purpose>
            <source>
                <langstring xml:lang="x-none">LOMv1.0</langstring>
            </source>
            <value>
                <langstring xml:lang="x-none">Educational Objective</langstring>
            </value>
        </purpose>
        
        <description>
            <langstring>In this module, we’ll discuss plug loads and other miscellaneous loads and why they’re an important part of the design problem. Energy efficiency traditionally has focused on elements of design that are regulated by codes. Typically, these include heating, ventilation, lighting, temperature control, and cooling. With all the emphasis on reducing these loads, there is an untapped opportunity to reduce loads that fall under the umbrella of “everything else.” In this module we will define “everything else” and show that designers can have a huge impact on these loads which traditionally were not regulated or thought of as being something the design team can influence.</langstring>
        </description>
        
        
            <keyword><langstring>Training</langstring></keyword>

    </classification>
</lom>
